,precision,recall,f1-score,support
glioma_tumor,0.5565217391304348,0.64,0.5953488372093023,100.0
meningioma_tumor,0.865979381443299,0.7304347826086957,0.7924528301886792,115.0
no_tumor,0.6352201257861635,0.9619047619047619,0.7651515151515151,105.0
pituitary_tumor,1.0,0.3108108108108108,0.4742268041237113,74.0
accuracy,0.6903553299492385,0.6903553299492385,0.6903553299492385,0.6903553299492385
macro avg,0.7644303115899743,0.6607875888310671,0.656794996668302,394.0
weighted avg,0.7511114618948478,0.6903553299492385,0.675382364945919,394.0
