,precision,recall,f1-score,support
glioma_tumor,0.9180327868852459,0.56,0.6956521739130435,100.0
meningioma_tumor,0.8059701492537313,0.9391304347826087,0.8674698795180723,115.0
no_tumor,0.7175572519083969,0.8952380952380953,0.7966101694915254,105.0
pituitary_tumor,0.9117647058823529,0.8378378378378378,0.8732394366197184,74.0
accuracy,0.8121827411167513,0.8121827411167513,0.8121827411167513,0.8121827411167513
macro avg,0.8383312234824317,0.8080515919646354,0.80824291488559,394.0
weighted avg,0.8307206739552778,0.8121827411167513,0.8060610143206903,394.0
